{
  "9": {
    "vx": 0.017412165299489246,
    "vy": -0.00503018108651909,
    "vz": -0.420651747330115
  },
  "10": {
    "vx": 0.0076,
    "vy": -0.0083,
    "vz": -0.49470791114364765
  },
  "11": {
    "vx": 0.018186039312799843,
    "vy": -0.00038693700665526316,
    "vz": 0.2444
  },
  "12": {
    "vx": 0.01818603931279984,
    "vy": 0.0034824330598979057,
    "vz": 0.5285200398266623
  },
  "13": {
    "vx": 0.06307073208481659,
    "vy": -0.001160811019965931,
    "vz": -0.03680566046862399
  },
  "14": {
    "vx": 0.0056,
    "vy": 0.006,
    "vz": -0.21696662310994075
  },
  "15": {
    "vx": 0.059975236031574036,
    "vy": -0.006577929113140344,
    "vz": -0.21848158305248644
  },
  "17": {
    "vx": 0.05765361399164213,
    "vy": -0.01199504720631477,
    "vz": -0.4102547290758327
  },
  "18": {
    "vx": 0.05610586596502088,
    "vy": -0.015864417272867935,
    "vz": -0.551129869475528
  },
  "19": {
    "vx": 0.059975236031574036,
    "vy": -0.010447299179693519,
    "vz": -0.34492614305365965
  },
  "21": {
    "vx": 0.05455811793839962,
    "vy": -0.01354279523293609,
    "vz": -0.4866184311920212
  },
  "22": {
    "vx": 0.04914099984522516,
    "vy": -0.026698653459216855,
    "vz": -0.9953803596983413
  },
  "23": {
    "vx": 0.03134189753908058,
    "vy": -0.0197337873394211,
    "vz": -1
  },
  "24": {
    "vx": 0.021281535366042416,
    "vy": -0.018186039312799843,
    "vz": -1
  },
  "25": {
    "vx": 0.024377031419284923,
    "vy": -0.03443739359232316,
    "vz": -1
  },
  "26": {
    "vx": 0.034437393592323166,
    "vy": -0.03598514161894442,
    "vz": -1
  },
  "27": {
    "vx": 0.049914873858535824,
    "vy": -0.023603157405974264,
    "vz": -0.8834151128176861
  },
  "28": {
    "vx": 0.04914099984522517,
    "vy": -0.010447299179693509,
    "vz": -0.4189591275581894
  },
  "29": {
    "vx": 0.05301036991177834,
    "vy": -0.010447299179693512,
    "vz": -0.3891731569476642
  },
  "30": {
    "vx": 0.054558117938399625,
    "vy": -0.003482433059897838,
    "vz": -0.1274866250653739
  },
  "31": {
    "vx": 0.053010369911778335,
    "vy": -0.005030181086519095,
    "vz": -0.1892144702394587
  },
  "32": {
    "vx": 0.04991487385853583,
    "vy": 0.004256307073208495,
    "vz": 0.17013107993729015
  },
  "33": {
    "vx": 0.05146262188515708,
    "vy": -0.0019346850332765933,
    "vz": -0.07515257868544722
  },
  "34": {
    "vx": 0.05301036991177834,
    "vy": -0.010447299179693512,
    "vz": -0.3891731569476642
  },
  "36": {
    "vx": 0.05533199195171025,
    "vy": -0.008899551153072257,
    "vz": -0.3189467388973184
  },
  "39": {
    "vx": 0.05842748800495279,
    "vy": -0.00038693700665526305,
    "vz": -0.013244839485333948
  },
  "40": {
    "vx": 0.058427488004952795,
    "vy": 0.006577929113140416,
    "vz": 0.22422141704486043
  },
  "41": {
    "vx": 0.059201362018263405,
    "vy": 0.006577929113140409,
    "vz": 0.22131444234779218
  },
  "42": {
    "vx": 0.0615229840581953,
    "vy": 0.0019346850332765894,
    "vz": 0.06287236271254892
  },
  "43": {
    "vx": 0.0615229840581953,
    "vy": -0.006577929113140354,
    "vz": -0.2130271969600246
  },
  "44": {
    "vx": 0.06229685807150595,
    "vy": -0.008125677139761605,
    "vz": -0.259405074311823
  },
  "46": {
    "vx": 0.06384460609812721,
    "vy": -0.011995047206314764,
    "vz": -0.3714276965192864
  },
  "47": {
    "vx": 0.06307073208481657,
    "vy": -0.009673425166382928,
    "vz": -0.3043765729462278
  },
  "48": {
    "vx": 0.062296858071505944,
    "vy": -0.011221173193004176,
    "vz": -0.35642652138964204
  },
  "49": {
    "vx": 0.0615229840581953,
    "vy": -0.011221173193004176,
    "vz": -0.3608138063341708
  },
  "50": {
    "vx": 0.05765361399164213,
    "vy": -0.01741216529948926,
    "vz": -0.5866058924532402
  },
  "51": {
    "vx": 0.048367125831914576,
    "vy": -0.0189599133261105,
    "vz": -0.7471817160714633
  },
  "52": {
    "vx": 0.04062838569880824,
    "vy": -0.03753288964556566,
    "vz": -1
  },
  "53": {
    "vx": 0.04372388175205074,
    "vy": -0.026698653459216837,
    "vz": -1
  },
  "54": {
    "vx": 0.04295000773874009,
    "vy": -0.02282928339266366,
    "vz": -0.9771069800420911
  },
  "55": {
    "vx": 0.04604550379198267,
    "vy": -0.025150905432595575,
    "vz": -0.9998706062614069
  },
  "56": {
    "vx": 0.048367125831914576,
    "vy": -0.02360315740597426,
    "vz": -0.908003211866256
  },
  "57": {
    "vx": 0.039080637672186926,
    "vy": -0.016638291286178594,
    "vz": -0.8049988927030101
  },
  "58": {
    "vx": 0.04991487385853583,
    "vy": -0.01276892121962543,
    "vz": -0.5008861792227033
  },
  "59": {
    "vx": 0.05378424392508896,
    "vy": -0.007351803126451004,
    "vz": -0.27169748252358383
  },
  "60": {
    "vx": 0.053784243925088966,
    "vy": -0.0050301810865190895,
    "vz": -0.18650783020955908
  },
  "61": {
    "vx": 0.056105865965020874,
    "vy": 0.001160811019965991,
    "vz": 0.04137340755968966
  },
  "62": {
    "vx": 0.0568797399783315,
    "vy": 0.0011608110199659944,
    "vz": 0.04081066137307765
  },
  "63": {
    "vx": 0.038306763658876336,
    "vy": -0.0011608110199659233,
    "vz": -0.06058751983754895
  },
  "64": {
    "vx": 0.054558117938399625,
    "vy": 0.001934685033276586,
    "vz": 0.07089228051742946
  },
  "65": {
    "vx": 0.05533199195171025,
    "vy": -0.001160811019965933,
    "vz": -0.04195188806804495
  },
  "66": {
    "vx": 0.05533199195171025,
    "vy": -0.0027085590465871804,
    "vz": -0.09782401229838822
  },
  "67": {
    "vx": 0.054558117938399625,
    "vy": -0.003482433059897838,
    "vz": -0.1274866250653739
  },
  "68": {
    "vx": 0.054558117938399625,
    "vy": -0.001160811019965925,
    "vz": -0.04254677204812163
  },
  "69": {
    "vx": 0.054558117938399625,
    "vy": -0.0027085590465871843,
    "vz": -0.09920932773090874
  },
  "70": {
    "vx": 0.054558117938399625,
    "vy": -0.003482433059897838,
    "vz": -0.1274866250653739
  },
  "72": {
    "vx": 0.0568797399783315,
    "vy": -0.009673425166382926,
    "vz": -0.33691254569982654
  },
  "73": {
    "vx": 0.0568797399783315,
    "vy": -0.010447299179693519,
    "vz": -0.3632976600000233
  },
  "74": {
    "vx": 0.05765361399164213,
    "vy": -0.01199504720631477,
    "vz": -0.4102547290758327
  },
  "76": {
    "vx": 0.03830676365887632,
    "vy": -0.02437703141928493,
    "vz": -1
  },
  "77": {
    "vx": 0.03598514161894442,
    "vy": -0.026698653459216834,
    "vz": -1
  },
  "78": {
    "vx": 0.031341897539080586,
    "vy": -0.02669865345921684,
    "vz": -1
  },
  "79": {
    "vx": 0.03598514161894442,
    "vy": -0.02824640148583808,
    "vz": -1
  },
  "80": {
    "vx": 0.0475932518186039,
    "vy": -0.02979414951245935,
    "vz": -1
  },
  "81": {
    "vx": 0.05223649589846773,
    "vy": -0.011995047206314766,
    "vz": -0.45143319478833766
  },
  "82": {
    "vx": 0.053010369911778335,
    "vy": -0.0027085590465871843,
    "vz": -0.10210099152201879
  },
  "83": {
    "vx": 0.05610586596502088,
    "vy": -0.0019346850332765874,
    "vz": -0.06893820199901635
  },
  "85": {
    "vx": 0.05842748800495279,
    "vy": -0.001934685033276585,
    "vz": -0.06620097743067666
  },
  "87": {
    "vx": 0.05301036991177833,
    "vy": 0.0027085590465872377,
    "vz": 0.10210099152202057
  },
  "88": {
    "vx": 0.05687973997833151,
    "vy": 0.005804055099829745,
    "vz": 0.20337770352615392
  },
  "90": {
    "vx": 0.052236495898467745,
    "vy": -0.004256307073208429,
    "vz": -0.16260374321679105
  },
  "91": {
    "vx": 0.05146262188515709,
    "vy": -0.006577929113140349,
    "vz": -0.2542603911254466
  },