{
  "28": {
    "vx": 0.022829283392663664,
    "vy": -0.00889955115307226,
    "vz": -0.8532549862537526
  },
  "32": {
    "vx": 0.032115771552391245,
    "vy": -0.011995047206314767,
    "vz": 0.0902
  },
  "34": {
    "vx": 0.026698653459216834,
    "vy": -0.00580405509982975,
    "vz": 0.1441
  },
  "35": {
    "vx": 0.021281535366042412,
    "vy": -0.0019346850332765868,
    "vz": -0.0582
  },
  "40": {
    "vx": 0.04140225971211883,
    "vy": -0.004256307073208435,
    "vz": -0.0585
  },
  "43": {
    "vx": 0.020507661352731753,
    "vy": -0.0019346850332765838,
    "vz": -0.0052
  },
  "46": {
    "vx": 0.018186039312799843,
    "vy": -0.014316669246246673,
    "vz": -0.3718913571114215
  },
  "49": {
    "vx": 0.023603157405974257,
    "vy": -0.00580405509982975,
    "vz": -1
  },
  "50": {
    "vx": 0.02050766135273175,
    "vy": -0.009673425166382924,
    "vz": -0.9534945926411655
  },
  "51": {
    "vx": 0.02437703141928492,
    "vy": -0.008125677139761594,
    "vz": -0.7250884745290151
  }
}